Player,Team,Pos,G,AB,R,H,2B,3B,HR,RBI,SB,CS,BB,SO,SH,SF,HBP,AVG,OBP,SLG,OPS
Jose Fernandez,DOO,DH,144,586,104,199,29,0,21,105,0,1,58,42,0,11,13,.340,.405,.497,.902
Jun Woo Jeon,LOT,OF,143,562,95,157,34,1,26,96,5,5,52,79,3,3,8,.279,.346,.482,.828
Mel Rojas,KTW,OF,142,550,116,192,39,1,47,135,0,1,65,132,0,8,5,.349,.422,.680,1.102
Hyun Soo Kim,LG,OF,142,547,98,181,35,2,22,119,0,2,63,53,0,7,2,.331,.404,.523,.927
Jung Hoo Lee,KIW,OF,140,544,85,181,49,5,15,101,12,2,59,47,2,8,4,.333,.401,.524,.925
Dae Ho Lee,LOT,1B,144,542,67,158,27,0,20,110,1,0,53,68,0,11,5,.292,.363,.452,.815
Preston Tucker,KIA,OF,142,542,100,166,40,0,32,113,0,2,76,67,0,4,9,.306,.401,.557,.958
Jae Gyun Hwang,KTW,3B,134,541,108,169,35,5,21,97,11,6,47,98,3,4,5,.312,.368,.512,.880
Ah Seop Son,LOT,OF,141,540,98,190,43,0,11,85,5,0,61,56,1,7,2,.352,.418,.493,.910
Ha Seong Kim,KIW,SS,138,533,111,163,24,1,30,109,23,2,75,68,3,3,8,.306,.398,.523,.922
Jeong Dae Bae,KTW,OF,144,533,88,154,25,3,13,65,22,13,68,142,5,4,5,.289,.369,.420,.789
Ji Hwan Oh,LG,SS,141,527,95,158,41,7,10,71,20,8,45,116,5,5,9,.300,.360,.461,.821
Sung Bum Na,NCD,OF,130,525,115,170,37,2,34,112,3,1,49,148,0,1,9,.324,.392,.596,.989
Hyung Woo Choi,KIA,OF,140,522,93,185,37,1,28,115,0,0,70,101,0,3,5,.354,.438,.590,1.028
Jae Hwan Kim,DOO,OF,140,516,82,137,26,1,30,113,6,0,91,154,0,6,1,.266,.376,.494,.870
Joo Hwan Choi,DOO,2B,140,509,63,156,29,4,16,88,2,2,47,66,1,10,7,.306,.371,.473,.845
Baek Ho Kang,KTW,1B,129,500,95,165,36,1,23,89,7,2,66,93,0,3,5,.330,.420,.544,.964
Hye Sung Kim,KIW,2B,142,499,80,142,24,6,7,61,25,7,46,94,2,4,2,.285,.344,.399,.742
Soo Bin Jung,DOO,OF,141,490,84,146,17,8,5,59,15,6,55,56,7,5,2,.298,.367,.396,.762
Hae Min Park,SAM,OF,132,489,84,142,18,5,11,55,34,12,39,77,7,3,3,.290,.341,.415,.756
Kun Woo Park,DOO,OF,129,487,103,148,40,0,14,70,8,2,42,65,3,7,12,.304,.369,.472,.841
Dixon Machado,LOT,SS,144,486,79,136,31,1,12,67,15,1,54,60,4,8,8,.280,.356,.422,.778
Jamie Romak,SK,1B,139,485,85,137,32,0,32,91,4,2,91,116,0,4,6,.282,.404,.546,.951
Keon Chang Seo,KIW,2B,135,484,79,134,28,5,5,52,24,10,91,58,5,10,5,.277,.388,.386,.774
Aaron Altherr,NCD,OF,136,482,90,134,20,7,31,108,22,3,46,149,0,6,12,.278,.355,.541,.897
Chan Ho Park,KIA,SS,141,480,63,107,16,0,3,36,15,8,36,87,12,3,0,.223,.269,.275,.544
Myung Gi Lee,NCD,OF,136,477,82,146,18,3,2,45,12,7,50,78,5,4,4,.306,.370,.369,.739
Woo Jun Sim,KTW,SS,144,476,58,112,16,3,3,51,35,11,37,98,16,4,2,.235,.282,.300,.583
Jae Il Oh,DOO,1B,127,471,62,147,32,0,16,89,2,1,61,92,0,2,0,.312,.391,.482,.873
Ji Wan Na,KIA,OF,137,468,73,136,19,1,17,92,0,0,64,114,0,6,18,.291,.393,.444,.838
Min Woo Park,NCD,2B,126,467,82,161,27,5,8,63,13,6,36,48,2,10,15,.345,.402,.475,.878
Ji Hoon Choi,SK,OF,127,466,66,120,19,5,1,27,18,6,38,80,8,3,5,.258,.313,.326,.640
Dong Hee Han,LOT,3B,135,461,62,128,22,0,17,67,0,3,57,97,5,3,5,.278,.358,.436,.794
Eui Ji Yang,NCD,C,130,461,86,151,26,1,33,124,5,2,46,47,1,6,14,.328,.407,.603,1.011
Jeong Choi,SK,3B,133,452,90,122,22,0,33,96,8,3,75,98,0,6,20,.270,.394,.538,.931
Ja Wook Koo,SAM,OF,118,446,70,137,27,2,15,78,19,5,51,91,1,4,8,.307,.388,.478,.865
Kyoung Min Hur,DOO,3B,117,437,70,145,25,1,7,58,14,6,35,28,3,7,5,.332,.382,.442,.824
Roberto Ramos,LG,1B,117,431,74,120,17,2,38,86,2,0,55,136,0,4,4,.278,.369,.592,.960
Kang Nam Yoo,LG,C,137,429,51,112,18,0,16,74,1,1,32,84,2,2,13,.261,.330,.415,.745
Jin Hyuk No,NCD,SS,132,427,70,117,22,3,20,82,0,4,49,106,3,0,5,.274,.357,.480,.837
Yong Kyu Lee,HAN,OF,120,419,60,120,14,2,1,32,17,8,59,36,2,1,6,.286,.380,.337,.716
Eun Sung Chae,LG,OF,109,416,59,122,17,2,15,88,0,3,32,69,0,7,9,.293,.353,.452,.805
Dong Yeop Kim,SAM,OF,115,413,60,129,21,0,20,74,4,4,29,79,1,4,4,.312,.359,.508,.868
Chi Hong An,LOT,2B,124,412,49,118,28,0,8,54,14,3,35,47,4,2,7,.286,.351,.413,.763
Hoon Jung,LOT,OF,111,410,72,121,19,1,11,58,11,1,56,85,2,4,4,.295,.380,.427,.807
Yong Ho Jo,KTW,OF,132,409,73,121,15,0,0,32,12,3,64,83,5,2,2,.296,.389,.333,.722
Chang Gi Hong,LG,OF,135,408,87,114,29,6,5,39,11,5,83,87,3,3,10,.279,.409,.417,.826
Sang Su Kim,SAM,2B,120,404,71,123,18,3,5,47,10,3,55,55,2,2,8,.304,.396,.401,.797
Won Seok Lee,SAM,3B,121,403,46,108,17,0,13,74,0,1,49,82,1,12,2,.268,.342,.407,.749
Jae Ho Kim,DOO,SS,120,402,48,116,15,1,2,39,6,2,45,45,2,5,4,.289,.362,.346,.707
Sung Woo Jang,KTW,C,130,400,39,111,15,0,13,79,0,0,38,64,10,6,1,.278,.330,.413,.742
Jin Sung Kang,NCD,1B,121,395,53,122,25,0,12,70,9,1,20,46,2,6,9,.309,.350,.463,.813
Min Sang Yoo,KIA,1B,126,391,38,96,23,0,8,65,0,0,53,80,2,4,6,.246,.341,.366,.707
Han Joon Yoo,KTW,OF,119,386,48,108,17,0,11,64,0,0,40,51,1,1,0,.280,.349,.409,.758
Se Hyuk Park,DOO,C,124,360,47,97,18,2,4,51,5,3,35,45,9,7,12,.269,.340,.364,.704
Byung Woo Jeon,KIW,3B,119,359,46,85,13,3,8,48,7,0,37,100,2,2,2,.237,.308,.357,.665
Won Joon Choi,KIA,OF,123,359,72,117,16,6,2,35,14,3,33,35,9,5,6,.326,.379,.421,.799
Suk Min Park,NCD,3B,123,356,58,109,15,0,14,63,0,1,75,62,2,4,10,.306,.437,.466,.903
Min Ho Kang,SAM,C,119,355,46,102,14,0,19,61,0,0,31,54,0,3,4,.287,.352,.487,.839
Joon Tae Park,KIW,OF,128,347,71,85,13,1,5,29,5,1,65,120,9,3,19,.245,.381,.331,.713
Si Hwan Noh,HAN,3B,1,346,46,76,18,2,12,43,0,1,33,116,1,1,6,.220,.299,.387,.686
Hee Dong Kwon,NCD,OF,123,346,67,90,16,0,12,50,3,0,58,72,6,5,11,.260,.373,.410,.784
Sung Hyun Kim,SK,SS,133,343,34,93,9,1,2,25,1,1,30,27,11,3,5,.271,.327,.321,.647
Jae Hoon Choi,HAN,C,126,339,46,102,19,0,3,36,0,0,29,44,5,0,16,.301,.378,.383,.761
Ju Hyeon Jung,LG,2B,134,328,50,81,10,4,4,30,8,7,28,63,9,2,4,.247,.305,.338,.643
Kyung Soo Park,KTW,2B,119,324,33,91,17,0,13,59,0,1,48,96,3,7,9,.281,.382,.454,.835
Dong Won Park,KIW,C,112,324,45,81,21,0,12,50,0,0,39,68,2,2,5,.250,.336,.426,.762
Jeong Hyeop Heo,KIW,OF,111,314,45,84,12,0,10,43,0,0,40,73,3,1,2,.268,.350,.401,.751
Chun Woong Lee,LG,OF,89,312,44,80,11,2,3,36,8,5,35,44,2,6,4,.256,.331,.333,.665
Byung Hun Min,LOT,OF,109,309,42,72,12,0,2,23,10,6,21,62,5,2,5,.233,.289,.291,.580
Byung Ho Park,KIW,1B,93,309,56,69,7,0,21,66,0,0,57,114,0,8,9,.223,.356,.450,.806
Joon Tae Kim,LOT,C,128,306,38,69,12,2,5,43,2,2,56,64,3,3,1,.225,.341,.327,.668
Sun Bin Kim,KIA,2B,85,303,42,100,19,0,1,37,1,1,40,43,1,5,2,.330,.405,.403,.807
Min Sung Kim,LG,3B,87,297,29,79,20,0,5,47,2,1,24,66,4,4,4,.266,.325,.384,.709
Kang Min Kim,SK,OF,122,289,39,73,11,1,12,45,7,5,27,62,5,2,4,.253,.322,.422,.744
Hyung Jong Lee,LG,OF,81,287,41,85,17,2,17,50,1,0,28,61,0,2,6,.296,.370,.547,.917
Brandon Barnes,HAN,1B,74,283,38,75,17,1,9,42,2,1,27,81,0,2,7,.265,.344,.428,.771
Jin Ho Jung,HAN,OF,113,282,30,78,14,1,2,19,9,7,29,50,10,2,3,.277,.339,.355,.694
Kwang Min Song,HAN,1B,94,277,31,65,12,0,9,43,0,0,14,69,1,3,3,.235,.278,.375,.653
Jong Wook Ko,SK,OF,92,272,24,77,9,3,3,26,1,3,14,55,0,1,1,.283,.319,.371,.691
Ji Young Lee,KIW,C,101,262,22,81,10,2,0,36,1,1,19,28,3,1,4,.309,.362,.363,.725
Ju Seok Ha,HAN,SS,72,262,22,75,11,0,2,32,4,1,13,66,2,2,2,.286,.320,.351,.671
Eun Won Jung,HAN,2B,79,254,28,63,9,2,3,29,1,1,41,41,2,1,5,.248,.360,.335,.694
Heon Gon Kim,SAM,OF,97,254,26,63,8,0,3,34,7,5,22,31,1,3,3,.248,.311,.315,.626
Ji Chan Kim,SAM,2B,135,254,47,59,5,1,1,13,21,4,24,44,5,2,2,.232,.296,.272,.568
Addison Russell,KIW,SS,65,244,22,62,14,0,2,31,2,0,22,37,0,3,2,.254,.320,.336,.656
Seong Yul Lee,HAN,1B,79,227,23,46,5,0,8,34,1,1,16,69,0,0,5,.203,.270,.330,.601
Seung Taek Han,KIA,C,83,226,22,51,6,0,9,29,0,0,21,58,9,0,6,.226,.298,.372,.669
Jae Won Lee,SK,C,80,222,18,41,8,0,2,21,0,0,19,24,3,1,6,.185,.272,.248,.519
Min Hyeok Kim,KTW,OF,108,222,35,53,5,2,5,25,8,4,22,42,2,1,2,.239,.309,.347,.656
Tae Kyun Kim,HAN,1B,67,219,14,48,11,0,2,29,0,0,30,42,1,2,2,.219,.323,.297,.620
Yong Taik Park,LG,OF,97,217,22,65,15,0,2,35,2,0,15,34,0,4,0,.300,.342,.396,.738
Sung Gyu Lee,SAM,1B,98,216,25,39,7,1,10,30,3,1,18,64,4,2,5,.181,.253,.361,.614
Soo Kwang Noh,HAN,OF,71,216,26,53,8,1,0,16,9,3,27,48,1,1,2,.245,.337,.292,.629
Jin Haeng Choi,HAN,OF,84,214,23,50,5,0,8,30,0,0,18,59,0,3,5,.234,.304,.369,.673
Min Sik Kim,KIA,C,69,211,22,53,6,1,2,21,0,0,17,28,6,2,2,.251,.303,.318,.620
Woong Bin Kim,KIW,1B,73,207,25,57,13,0,8,31,1,0,17,65,5,3,3,.275,.331,.454,.785
Hak Ju Lee,SAM,SS,64,206,30,47,11,0,4,28,6,2,26,58,4,5,2,.228,.311,.340,.651
Joo Hwan Na,KIA,3B,64,204,21,57,5,0,6,26,0,0,12,44,4,1,1,.279,.315,.392,.707
Sun Jin Oh,HAN,SS,93,197,17,46,4,0,2,17,0,1,16,39,6,0,3,.234,.293,.284,.577
Daniel Palka,SAM,OF,51,196,17,41,7,0,8,23,2,0,18,58,0,3,0,.209,.272,.367,.639
Sung Wook Kim,NCD,OF,104,195,32,43,4,1,8,26,12,5,17,40,7,2,4,.221,.284,.374,.659
Kyeong-Hak Kang,HAN,1B,94,193,25,44,7,1,4,19,1,2,35,64,5,2,3,.228,.345,.337,.681
Kyung Hak Kang,HAN,SS,94,193,25,44,7,1,4,19,1,2,35,64,5,2,3,.228,.345,.337,.681
Yoo Seom Han,SK,OF,62,193,35,48,5,0,15,31,2,0,30,49,0,2,6,.249,.366,.508,.874
Eui Yoon Jeong,SK,OF,76,187,13,45,5,1,1,20,0,1,12,38,0,3,1,.241,.289,.294,.583
Tae Gon Oh,SK,OF,54,184,29,53,11,0,5,30,14,6,12,31,4,0,3,.288,.335,.429,.764
Seung Gyu Park,SAM,OF,91,182,24,47,11,0,1,14,4,5,7,32,4,0,3,.258,.291,.335,.626
Joon Woo Choi,SK,2B,66,182,23,43,4,0,3,14,1,1,19,28,5,1,0,.236,.300,.308,.607
Tae Jin Kim,KIA,3B,45,180,18,44,4,0,0,17,5,2,9,23,1,1,1,.244,.281,.267,.548
Yoon Suk Oh,LOT,1B,63,168,31,50,7,1,4,32,2,1,24,47,1,2,2,.298,.386,.423,.808
Gye Beom Park,SAM,SS,80,164,21,32,7,0,3,16,3,2,7,42,3,1,0,.195,.223,.293,.516
Byung Kyu Lee,LOT,1B,53,164,28,45,4,0,9,32,0,0,28,55,0,1,1,.274,.381,.463,.845
Tae In Chae,SK,1B,71,160,11,45,5,0,7,24,0,0,29,33,0,0,0,.281,.398,.444,.842
Gyu Seong Kim,KIA,2B,103,157,21,28,2,1,3,11,2,1,13,40,11,0,1,.178,.231,.261,.492
Jae Won Oh,DOO,2B,85,155,25,36,7,1,5,27,10,5,16,49,1,2,0,.232,.299,.387,.686
Sang Chul Moon,KTW,1B,74,154,24,40,3,2,8,25,0,1,11,43,3,2,2,.260,.308,.461,.769
Keun Woo Jeong,LG,2B,72,154,23,37,4,0,1,14,7,2,17,23,3,1,2,.240,.320,.286,.606
Jun Hyeok Oh,SK,OF,70,148,19,40,7,0,3,18,0,3,11,34,0,1,1,.270,.327,.378,.706
Seong Gon Lee,SAM,OF,62,139,16,39,7,0,5,18,2,0,11,38,2,2,0,.281,.325,.439,.764
Ho Ryung Kim,KIA,OF,89,138,36,32,5,2,4,16,3,3,14,55,3,1,3,.232,.308,.384,.692
Chang Min Mo,NCD,1B,62,136,10,41,10,2,2,13,0,0,8,22,2,2,1,.301,.340,.449,.789
Bo Geun Jung,LOT,C,85,133,9,20,2,0,0,5,0,0,11,32,6,1,1,.150,.211,.165,.376
Hang Choi,SK,2B,47,132,21,35,3,0,2,15,1,0,21,27,0,1,1,.265,.372,.333,.705
Tyler Saladino,SAM,3B,44,132,26,37,8,0,6,27,6,1,23,41,0,1,7,.280,.411,.477,.888
Won Jae Lee,NCD,1B,73,132,15,34,5,2,4,17,1,0,11,26,2,1,0,.258,.313,.417,.730
In Ho Choi,HAN,OF,47,127,8,30,0,0,0,8,0,0,4,34,1,2,1,.236,.259,.236,.495
Jin Gi Jeong,SK,OF,50,126,14,30,2,2,2,15,7,1,7,34,4,2,1,.238,.277,.333,.610
Jared Hoying,HAN,OF,34,124,12,24,4,0,4,14,5,3,9,34,0,0,1,.194,.254,.323,.576
Heung Ryun Lee,SK,C,47,124,6,30,1,0,3,19,0,0,6,28,0,0,0,.242,.277,.323,.600
Suk Hoon Ji,NCD,3B,87,121,22,25,8,0,1,12,1,0,15,33,2,2,2,.207,.296,.298,.593
Hae Chang Lee,HAN,C,70,119,11,32,5,0,3,17,0,2,9,23,1,2,4,.269,.333,.387,.720
Ho Jae Kim,SAM,SS,65,118,19,38,5,0,1,10,2,0,16,19,1,0,3,.322,.413,.390,.803
Suk Hwan Yang,LG,3B,40,118,8,29,5,0,3,13,0,0,10,25,2,0,2,.246,.311,.364,.675
Dae In Hwang,KIA,1B,63,116,14,32,4,0,4,16,0,0,21,29,0,1,0,.276,.384,.414,.798
Jae Yoo Kim,LOT,OF,68,116,20,30,1,0,1,9,10,2,12,35,2,0,3,.259,.338,.293,.631
Tae Goon Kim,NCD,C,80,113,16,33,6,0,1,18,0,0,6,14,7,1,4,.292,.328,.372,.700
Hyun Jung,SK,SS,89,112,14,17,4,0,2,4,0,2,11,34,3,0,2,.152,.234,.241,.475
Seung Wook Park,KTW,2B,97,110,23,29,3,2,1,10,5,1,11,37,2,1,4,.264,.344,.355,.698
Jong Chan Lim,HAN,OF,52,108,5,25,5,0,1,12,0,1,9,38,1,0,1,.231,.294,.306,.600
Min Gook Kang,KTW,SS,81,107,16,24,3,0,0,9,0,1,7,20,6,0,0,.224,.258,.252,.511
Bon Gi Shin,LOT,SS,81,106,18,23,1,0,2,12,1,0,14,22,1,1,1,.217,.309,.283,.592
Han Wool Kang,SAM,SS,34,105,13,32,3,0,1,10,1,0,11,24,5,1,0,.305,.352,.362,.714
Kyung Ho Kim,SK,OF,56,105,17,30,3,1,0,9,1,4,3,16,1,1,0,.286,.300,.333,.633
Ho Eun Kim,LG,1B,69,103,12,25,5,0,2,11,0,0,7,14,0,0,2,.243,.304,.350,.653
Tae Hyung No,HAN,1B,55,102,14,22,4,1,0,6,0,1,7,31,1,0,3,.216,.283,.275,.558
Hyun Seok Lee,SK,C,57,101,7,18,2,0,2,7,1,0,4,30,2,0,2,.178,.220,.257,.478
Gyu Min Kim,KIW,OF,54,101,13,21,2,1,1,6,1,0,5,24,3,1,1,.208,.243,.277,.520
Young Jin Choi,SAM,3B,58,101,15,30,3,0,1,11,2,3,13,16,1,1,2,.297,.381,.356,.738
Sung Han Park,SK,SS,41,99,7,24,2,0,2,8,1,1,11,21,1,0,1,.242,.321,.323,.645
Chan Do Park,SAM,OF,51,96,20,21,5,0,1,8,5,1,15,22,2,2,1,.219,.325,.302,.627
Yong Hwan Baek,KIA,C,52,91,12,20,4,0,5,10,0,0,15,29,1,0,0,.220,.327,.429,.756
Yoo Chan Lee,DOO,2B,101,89,30,23,2,1,0,6,13,4,14,25,2,1,2,.258,.361,.303,.664
Chang Jin Lee,KIA,OF,22,88,19,29,8,1,0,7,0,1,10,17,0,0,1,.330,.404,.443,.847
Hae Sung Kuk,DOO,OF,46,86,10,20,1,0,3,17,1,1,6,21,0,1,1,.233,.302,.349,.651
Bon Hyeok Koo,LG,SS,125,86,20,14,0,1,1,7,0,0,7,17,3,0,2,.163,.235,.221,.456
Sang Ho Chung,DOO,C,42,86,3,14,6,0,0,8,0,0,2,29,3,1,0,.163,.174,.233,.406
Il Heo,LOT,OF,60,84,5,15,4,0,1,6,0,0,8,29,2,0,1,.179,.253,.262,.515
Hyo Sang Joo,KIW,C,63,84,6,16,4,0,0,7,0,0,13,26,3,1,0,.190,.287,.238,.525
Hyo Sang Ju,KIW,C,63,84,6,16,4,0,0,7,0,0,13,26,3,1,0,.190,.287,.238,.525
In Tae Kim,DOO,OF,77,84,15,17,5,0,1,13,0,0,21,13,2,1,2,.202,.364,.298,.661
Tae Jin Kim,NCD,3B,37,83,10,18,1,1,1,6,2,2,4,22,1,0,0,.217,.250,.289,.539
Jong Pyo Hong,KIA,2B,40,80,7,20,3,0,0,7,0,2,4,13,3,1,0,.250,.273,.288,.560
Chang Pyung Kim,SK,2B,35,78,10,15,4,1,0,7,7,0,11,16,0,1,0,.192,.289,.269,.558
Sung Woo Lee,LG,C,72,77,7,18,1,0,3,11,0,0,6,14,5,0,0,.234,.273,.364,.636
Eung Min Kim,SAM,C,45,76,7,17,1,0,0,5,0,0,5,22,3,0,1,.224,.271,.237,.507
Soo Kwang Noh,SK,OF,29,75,13,20,2,2,1,5,2,4,7,16,1,0,0,.267,.325,.387,.712
Min Ha Kim,HAN,OF,36,74,10,21,6,0,1,11,0,0,8,16,1,0,2,.284,.365,.405,.770
Suk Min Yoon,SK,3B,34,73,4,14,2,0,3,12,0,0,2,12,0,1,0,.192,.211,.342,.553
Hyung Joon Kim,NCD,C,44,72,12,22,1,0,3,11,0,0,10,21,0,0,0,.306,.390,.444,.835
Yoon Ho Hwang,KIA,2B,1,70,5,17,3,0,0,5,2,0,3,10,0,0,0,.243,.274,.286,.560
Yong Yi Kim,LG,1B,101,70,28,19,1,1,1,12,7,3,3,15,1,1,0,.271,.293,.357,.650
Seong Ho Chun,KTW,3B,66,69,9,14,3,0,0,1,1,1,7,15,0,0,1,.203,.286,.246,.532
Dong Han Kim,LOT,2B,82,68,23,15,5,0,0,5,10,4,5,8,0,0,0,.221,.274,.294,.568
Seon Woo Oh,KIA,OF,59,67,11,16,0,0,4,14,0,0,3,26,0,0,3,.239,.301,.418,.719
Tae Hyeok Nam,SK,1B,35,66,3,13,1,0,1,11,0,0,6,22,0,0,0,.197,.264,.258,.521
Joon Wan Kim,NCD,OF,45,65,8,14,1,0,1,5,0,0,10,9,0,0,0,.215,.320,.277,.597
Chan Hyung Kim,NCD,SS,56,64,10,19,6,0,0,7,3,1,4,11,2,1,1,.297,.333,.391,.724
Sang Kwon Byeon,KIW,OF,35,62,7,17,5,0,1,16,0,0,1,20,0,1,0,.274,.281,.403,.684
Sang Ho Lee,NCD,3B,82,61,18,8,1,0,0,4,6,4,3,5,1,0,0,.131,.169,.148,.317
Jung Hyun Park,HAN,SS,30,61,6,17,3,0,1,9,0,0,3,17,0,0,0,.279,.313,.377,.690
Woo Sung Lee,KIA,OF,48,59,5,12,1,0,0,3,1,0,6,11,0,0,2,.203,.299,.220,.519
Joon Won Jang,LG,3B,46,59,10,13,3,0,1,6,0,0,6,7,1,1,0,.220,.284,.322,.606
Taek Keun Lee,KIW,OF,20,57,5,11,5,0,0,7,0,0,7,21,0,0,0,.193,.281,.281,.562
Jeong Yong Choi,KIA,2B,39,56,5,11,1,0,1,5,1,0,2,15,1,0,0,.196,.220,.268,.488
Do Hwan Hur,KTW,C,52,53,2,14,1,0,0,5,0,0,6,15,1,0,2,.264,.355,.283,.638
Min Seok Kwon,DOO,3B,55,50,6,13,2,0,0,7,1,0,3,15,2,2,0,.260,.281,.300,.581
Han Min Jo,HAN,SS,25,50,7,11,4,0,0,2,0,0,0,22,0,0,2,.220,.250,.300,.550
Tae Gon Oh,KTW,OF,40,50,7,11,1,1,0,5,1,0,1,16,0,0,4,.220,.291,.280,.571
Hong Gu Lee,SK,C,23,48,3,9,1,0,1,3,0,0,3,16,0,1,1,.188,.245,.271,.516
Jun Seok Song,SAM,OF,32,47,5,13,5,0,1,7,0,0,2,6,0,0,1,.277,.320,.447,.767
Moon Ho Kim,HAN,1B,18,46,6,10,1,0,2,5,0,0,5,11,0,0,1,.217,.308,.370,.677
Joon Young Park,NCD,2B,32,46,4,7,4,0,0,3,1,0,2,17,0,0,3,.152,.235,.239,.474
Sang Eon Park,HAN,C,38,46,4,10,3,0,0,2,0,0,0,16,0,0,1,.217,.234,.283,.517
Yong Jae Choi,DOO,C,28,44,9,13,0,1,0,9,0,0,4,8,1,0,0,.295,.347,.341,.688
Jeong Eum Park,KIW,OF,86,43,20,8,0,1,0,2,9,1,2,14,0,0,2,.186,.255,.233,.488
Joo Hyung Kim,KIW,SS,39,43,8,10,3,0,1,6,0,1,4,10,1,0,2,.233,.320,.372,.692
Jang Hyeok Yoo,HAN,OF,30,42,3,7,1,0,0,0,0,1,4,18,0,0,0,.167,.239,.190,.430
Min Seop Song,KTW,OF,114,41,21,8,1,1,1,5,4,3,5,13,3,1,1,.195,.275,.341,.616
Do Hwan Kim,SAM,C,34,41,2,9,2,0,0,9,0,0,5,16,1,2,0,.220,.286,.268,.554
Jeong Won Choi,NCD,2B,49,40,18,11,3,1,0,2,4,0,7,13,1,0,0,.275,.375,.400,.775
Dong Hoon Lee,HAN,OF,37,38,5,4,0,0,0,1,0,0,0,14,0,0,1,.105,.128,.105,.233
Su Haeng Jo,DOO,OF,44,38,12,10,0,0,0,4,3,2,2,6,0,0,0,.263,.300,.263,.563
Gwon Su Ahn,DOO,OF,68,37,10,10,0,0,0,3,2,1,2,5,1,1,0,.270,.293,.270,.563
Byung Wook Lim,KIW,OF,12,37,3,10,4,0,0,6,3,0,4,10,0,0,0,.270,.357,.378,.736
Hong Gu Lee,KTW,C,26,36,2,7,1,0,2,5,0,0,3,10,2,0,2,.194,.279,.389,.668
Taylor Motter,KIW,SS,10,35,4,4,0,0,1,3,0,0,1,10,0,1,0,.114,.135,.200,.335
Jin Hyuk Jang,HAN,OF,19,32,2,5,0,1,0,1,2,1,5,6,0,0,0,.156,.270,.219,.489
Young Seok Jang,KIA,3B,11,31,1,4,0,0,0,2,0,0,4,7,0,1,1,.129,.243,.129,.372
Gi Hun Jeong,HAN,3B,29,31,9,5,2,0,0,2,0,1,3,15,0,0,2,.161,.278,.226,.504
Hyeon Woo Kang,KTW,C,26,30,2,6,2,0,1,3,0,0,2,11,0,0,0,.200,.250,.367,.617
Ho Young Son,LG,IF,22,30,9,11,2,0,0,3,5,0,1,6,0,0,0,.367,.387,.433,.820
Seung Hyun Baek,LG,SS,27,28,5,7,1,0,0,2,0,0,4,8,6,0,1,.250,.308,.286,.593
Woon Ho Jang,HAN,OF,24,27,5,4,1,0,1,4,0,0,2,9,0,0,0,.148,.207,.296,.503
Min Jae Shin,LG,OF,67,26,26,8,1,0,0,5,8,2,4,4,2,0,0,.308,.375,.346,.721
Ye Il Seo,DOO,IF,39,25,4,6,2,0,0,1,0,0,3,7,0,1,0,.240,.310,.320,.630
Ji Soo Kim,HAN,OF,14,25,2,4,0,0,1,4,0,0,1,7,0,0,0,.160,.192,.280,.472
Ju Hong Park,KIW,OF,13,24,0,6,2,0,0,1,0,1,1,10,0,0,0,.250,.280,.333,.613
Seo Joon Yoo,SK,3B,28,24,10,6,1,0,1,2,1,1,1,7,0,0,0,.250,.280,.417,.697
Ji Hyuk Ryu,DOO,3B,20,24,10,10,2,0,1,4,0,1,1,5,1,2,3,.417,.452,.625,1.077
Jae Hyun Choo,LOT,OF,13,24,3,3,0,0,0,0,0,0,4,8,0,0,0,.125,.250,.125,.375
Hyun Woo Chae,SK,OF,16,23,2,3,1,0,0,0,3,0,1,8,0,0,0,.130,.167,.174,.341
Woo Hyun Yang,SAM,2B,7,23,0,3,0,0,0,0,0,0,1,5,0,0,0,.130,.167,.130,.297
Min Soo Kim,SAM,C,17,23,3,4,0,0,0,1,0,0,2,6,1,0,0,.174,.231,.174,.405
Jin Young Lee,KIA,OF,32,22,4,5,1,0,0,5,1,0,5,9,0,0,0,.227,.370,.273,.643
Chan Yeol Yang,DOO,OF,17,22,5,5,0,0,0,3,0,0,3,2,0,0,1,.227,.346,.227,.573
Tyler White,SK,1B,9,22,3,3,1,0,1,4,0,0,6,1,0,0,2,.136,.367,.318,.685
Byung Hee Kim,KTW,3B,29,21,4,3,0,0,1,2,0,0,0,7,0,1,0,.143,.136,.286,.422
Lo Han Kang,LOT,2B,16,21,6,4,0,0,0,1,2,1,4,6,0,0,1,.190,.346,.190,.537
Han Gyul Park,HAN,SS,12,20,5,3,0,0,0,1,0,0,2,8,2,0,0,.150,.208,.150,.358
Seung Hyun Jang,DOO,C,23,20,5,5,3,0,0,3,0,0,1,6,0,0,1,.250,.318,.400,.718
Jae Won Lee,LG,OF,16,20,1,1,0,0,0,0,0,0,2,11,0,0,0,.050,.136,.050,.186
Ji Hyuk Ryu,KIA,3B,5,18,3,6,1,0,0,1,1,0,0,1,0,0,2,.333,.400,.389,.789
Joo Chan Kim,KIA,1B,7,18,3,6,0,0,1,2,0,1,0,2,0,0,0,.333,.333,.500,.833
Hoe Sung Kim,HAN,1B,15,18,1,3,1,0,0,1,0,0,3,6,2,1,1,.167,.280,.222,.502
Hyun Bin Hong,KTW,OF,40,18,5,0,0,0,0,1,0,1,5,5,1,0,0,.000,.240,.000,.240
Dong Hoon Baek,DOO,OF,27,16,5,3,1,0,0,0,0,0,1,4,0,0,2,.188,.316,.250,.566
Jae Wook Park,LG,C,15,15,0,4,0,0,0,1,0,0,0,4,1,0,1,.267,.294,.267,.561
Seong Min Kim,SK,2B,9,14,4,4,0,0,2,4,0,0,1,3,0,0,1,.286,.375,.714,1.089
Jae Hyun Kim,SK,OF,8,14,3,2,0,0,0,0,0,0,0,4,0,0,0,.143,.143,.143,.286
Jae Hyun Kim,SK,C,8,14,3,2,0,0,0,0,0,0,0,4,0,0,0,.143,.143,.143,.286
Jae Hyun Kim,SAM,SS,35,14,4,2,0,0,0,4,0,0,3,3,1,0,0,.143,.278,.143,.421
Jang Hyuk Ko,KIA,3B,7,13,0,3,0,0,0,0,0,0,0,5,0,0,0,.231,.231,.231,.462
Woo Hyun Song,KIW,OF,14,12,3,0,0,0,0,0,0,0,2,4,0,0,1,.000,.200,.000,.200
Tae Yul Kang,LOT,C,14,11,2,5,0,0,2,2,0,0,7,2,0,0,0,.455,.667,1.000,1.667
Soo Hwan Kim,KIW,2B,9,11,1,2,1,0,0,2,0,0,1,5,0,0,0,.182,.250,.273,.523
Tae Hoon Do,NCD,SS,11,11,0,2,0,0,0,1,0,0,2,3,0,0,0,.182,.308,.182,.490
Seung Min Baek,SAM,2B,7,9,0,0,0,0,0,1,0,0,1,2,0,0,2,.000,.250,.000,.250
Sung Woo Yang,HAN,OF,5,9,1,2,0,0,0,0,0,0,0,3,0,0,0,.222,.222,.222,.444
Jung Min Choi,KIA,2B,23,9,12,1,0,0,0,2,0,0,2,1,0,0,0,.111,.273,.111,.384
Young Hwan Kim,KTW,2B,10,9,0,0,0,0,0,0,0,0,0,3,1,0,0,.000,.000,.000,.000
Ho Cheol Seo,NCD,3B,2,8,0,0,0,0,0,0,0,0,0,2,0,0,0,.000,.000,.000,.000
Sung Joon Ji,LOT,C,3,8,0,2,0,0,0,2,0,0,3,4,0,0,0,.250,.455,.250,.705
Min Soo Kim,LOT,3B,3,8,1,2,0,0,0,0,1,0,2,4,0,0,0,.250,.400,.250,.650
Sung Pyo Kim,SAM,SS,15,8,1,1,0,0,0,0,1,0,0,2,0,0,0,.125,.125,.125,.250
Geo Yeon Lee,SK,1B,8,8,1,1,0,0,0,0,0,0,2,6,0,0,0,.125,.300,.125,.425
Sung Keun Bae,LOT,2B,4,7,0,0,0,0,0,0,0,1,0,2,0,0,0,.000,.000,.000,.000
Yong Su Shin,LOT,SS,5,7,2,3,0,0,0,2,1,1,1,0,0,0,0,.429,.500,.429,.929
Young Hwan Kim,KIA,2B,4,7,0,0,0,0,0,0,1,1,1,2,0,0,0,.000,.125,.000,.125
Jae Won Choi,LG,3B,6,6,0,0,0,0,0,0,0,0,0,4,0,0,0,.000,.000,.000,.000
Seon Jae Moon,KIA,OF,15,6,1,1,0,0,0,0,0,0,0,2,0,0,0,.167,.167,.167,.333
Hyun Min Kim,HAN,SS,4,5,2,2,0,0,0,0,0,0,0,1,0,0,0,.400,.400,.400,.800
Min Su Jeon,LG,OF,4,5,0,1,0,0,0,0,0,0,1,2,0,0,0,.200,.333,.200,.533
Eun Sung Kim,KIW,2B,16,4,0,2,0,0,0,0,0,0,1,1,0,0,1,.500,.667,.500,1.167
Soo Gang Yoon,NCD,C,4,4,0,1,0,0,0,0,0,0,0,2,0,0,0,.250,.250,.250,.500
Jeong Hoon Lee,KIA,C,3,4,0,0,0,0,0,0,0,0,0,2,0,0,0,.000,.000,.000,.000
Myung Jin Oh,DOO,2B,5,4,0,0,0,0,0,0,0,0,0,1,0,0,0,.000,.000,.000,.000
Seong Hyun Shin,DOO,3B,9,4,2,1,1,0,0,0,0,0,3,3,0,0,0,.250,.571,.500,1.071
Ho Jun Kim,LOT,C,5,3,0,0,0,0,0,0,0,0,1,2,0,0,0,.000,.250,.000,.250
Young Joon Yoo,NCD,2B,4,3,0,0,0,0,0,0,0,0,0,0,0,0,0,.000,.000,.000,.000
Seung Joon Choi,HAN,2B,2,3,1,1,0,0,0,1,0,0,0,2,0,0,1,.333,.500,.333,.833
Suk Hyun Han,LG,OF,9,2,3,0,0,0,0,0,1,0,1,1,0,0,0,.000,.333,.000,.333
Jun Hyuk Park,KTW,OF,12,2,2,0,0,0,0,0,0,0,0,1,0,0,0,.000,.000,.000,.000
Ji Hoon Park,DOO,2B,10,2,1,0,0,0,0,0,0,0,0,2,0,0,0,.000,.000,.000,.000
Ki Hwan Kim,NCD,OF,4,2,1,1,1,0,0,0,0,0,0,0,0,0,0,.500,.500,1.000,1.500
Heung Ryun Lee,DOO,C,2,1,0,0,0,0,0,1,0,0,0,1,0,1,0,.000,.000,.000,.000
Ji Yeol Lim,KIW,OF,1,1,1,1,0,0,0,0,0,0,0,0,0,0,0,1.000,1.000,1.000,2.000
Byeong Hwi Kim,KIW,SS,1,1,1,0,0,0,0,0,0,0,0,1,0,0,0,.000,.000,.000,.000
Min Park,KIA,2B,6,1,1,0,0,0,0,0,0,0,1,1,0,0,0,.000,.500,.000,.500
Eun Ho Jang,HAN,OF,1,1,0,1,0,0,0,1,0,0,0,0,0,0,0,1.000,1.000,1.000,2.000
Seung Min Lee,DOO,C,3,1,1,0,0,0,0,0,0,0,0,1,0,0,0,.000,.000,.000,.000
Hyun Jung,SAM,SS,11,0,0,0,0,0,0,0,0,0,0,0,0,0,0,.000,.000,.000,.000
Tae Hoon Kim,SK,1B,33,0,0,0,0,0,0,0,0,0,0,0,0,0,0,.000,.000,.000,.000